INSERT INTO SZEMELY VALUES ('TEBYAAT.SZE', 'Terhes Balázs', to_date('1997-08-24', 'YYYY-MM-DD'), 'Fruskagora u. 9', 'bla', null, 0);
INSERT INTO SZEMELY VALUES ('SZZYADT.SZE','Szkocsovszki Zsolt',to_date('01-JAN-00', 'YYYY-MM-DD'),'Szabadka','asd',null,0);
INSERT INTO SZEMELY VALUES ('BUDOHUD.SZE', 'Toth Csaba', to_date('1993-07-02', 'YYYY-MM-DD'), 'Sunset Avenue 76', 'discuss', null, 1);
INSERT INTO SZEMELY VALUES ('CGZNXBU.SZE', 'Csatar Renato', to_date('1993-09-07', 'YYYY-MM-DD'), 'Vine Street 78', 'license', null, 1);  
INSERT INTO SZEMELY VALUES ('KOCSVGP.SZE', 'Virag aron', to_date('1993-10-28', 'YYYY-MM-DD'), 'Williams Street 81', 'society', null, 1);  
INSERT INTO SZEMELY VALUES ('UYIHISP.SZE', 'Jonas Endre', to_date('1994-05-25', 'YYYY-MM-DD'), 'Mulberry Lane 9', 'variety', null, 2);  
INSERT INTO SZEMELY VALUES ('CNRSDEJ.SZE', 'Pataki Geza', to_date('1994-06-23', 'YYYY-MM-DD'), 'Fawn Lane 31', 'retiree', null, 2);  
INSERT INTO SZEMELY VALUES ('QUZUNBX.SZE', 'Balazs Mark', to_date('1994-06-30', 'YYYY-MM-DD'), 'Virginia Street 27', 'glimpse', null, 2);  
INSERT INTO SZEMELY VALUES ('LZRBPNF.SZE', 'Szekeres Miklos', to_date('1994-09-09', 'YYYY-MM-DD'), 'Primrose Lane 13', 'capture', null, 2);  
INSERT INTO SZEMELY VALUES ('IVCVDYS.SZE', 'Illes Zoltan', to_date('1994-10-13', 'YYYY-MM-DD'), 'Adams Avenue 80', 'curtain', null, 2);  
INSERT INTO SZEMELY VALUES ('MQXVBMW.SZE', 'Nemes Zsolt', to_date('1994-10-19', 'YYYY-MM-DD'), 'Hawthorne Avenue 78', 'overeat', null, 2);  
INSERT INTO SZEMELY VALUES ('PYOLDCP.SZE', 'Dudas Levente', to_date('1994-12-01', 'YYYY-MM-DD'), 'Monroe Street 53', 'imagine', null, 2);  
INSERT INTO SZEMELY VALUES ('VTHSHOV.SZE', 'Voros Kristof', to_date('1995-01-12', 'YYYY-MM-DD'), 'Hillside Drive 69', 'auction', null, 2);  
INSERT INTO SZEMELY VALUES ('JJNRQHG.SZE', 'Balla Gergo', to_date('1995-05-16', 'YYYY-MM-DD'), 'Woodland Drive 88', 'offense', null, 2);  
INSERT INTO SZEMELY VALUES ('LIFLGUG.SZE', 'Dobos Patrik', to_date('1995-07-12', 'YYYY-MM-DD'), 'Canterbury Court 45', 'husband', null, 2);  
INSERT INTO SZEMELY VALUES ('DLQMYXM.SZE', 'Szilagyi Mate', to_date('1995-08-03', 'YYYY-MM-DD'), 'Cambridge Road 13', 'species', null, 2);  
INSERT INTO SZEMELY VALUES ('AESIBCI.SZE', 'Surany Antal', to_date('1995-10-13', 'YYYY-MM-DD'), 'Hickory Street 27', 'reverse', null, 2);  
INSERT INTO SZEMELY VALUES ('IAECRZJ.SZE', 'Hegedus Rajmund', to_date('1995-10-24', 'YYYY-MM-DD'), 'Cherry Street 60', 'pasture', null, 1);  
INSERT INTO SZEMELY VALUES ('ZBXRRIS.SZE', 'Szoke Robert', to_date('1995-12-11', 'YYYY-MM-DD'), 'Spruce Avenue 57', 'display', null, 1);  
INSERT INTO SZEMELY VALUES ('XUOLGNS.SZE', 'Horvath Henrik', to_date('1996-06-07', 'YYYY-MM-DD'), '8th Street 94', 'shatter', null, 2);  
INSERT INTO SZEMELY VALUES ('KVXQKKP.SZE', 'Mate Andras', to_date('1997-01-21', 'YYYY-MM-DD'), 'River Street 25', 'impress', null, 2);  
INSERT INTO SZEMELY VALUES ('PZHZGWV.SZE', 'Orban Domonkos', to_date('1997-01-28', 'YYYY-MM-DD'), 'Lilac Lane 8', 'command', null, 2);  
INSERT INTO SZEMELY VALUES ('FJKTWDH.SZE', 'Bodnar Reka', to_date('1997-05-13', 'YYYY-MM-DD'), 'Central Avenue 4', 'produce', null,2 );  
INSERT INTO SZEMELY VALUES ('OMNAQME.SZE', 'Antal Erzsebet', to_date('1997-05-15', 'YYYY-MM-DD'), 'John Street 65', 'gallery', null, 1);  
INSERT INTO SZEMELY VALUES ('VZXNQXL.SZE', 'Voros Rebeka', to_date('1997-05-22', 'YYYY-MM-DD'), 'Cambridge Drive 9', 'breathe', null, 2);  
INSERT INTO SZEMELY VALUES ('BLFSHZR.SZE', 'Varadi Kira', to_date('1997-06-12', 'YYYY-MM-DD'), 'Hillcrest Drive 23', 'lecture', null, 2);  
INSERT INTO SZEMELY VALUES ('KEJQDGG.SZE', 'Lengyel Katalin', to_date('1997-06-16', 'YYYY-MM-DD'), 'Pennsylvania Avenue 57', 'pursuit', null, 2);
INSERT INTO SZEMELY VALUES ('TLEGSOU.SZE', 'Kozma Melinda', to_date('1994-02-07', 'YYYY-MM-DD'), 'Columbia Street 12', 'cabinet', null, 1);
INSERT INTO SZEMELY VALUES ('ZDXFDNI.SZE', 'Egyed Julia', to_date('1994-02-22', 'YYYY-MM-DD'), 'Brown Street 46', 'freedom', null, 2);
INSERT INTO SZEMELY VALUES ('JVPCQGN.SZE', 'Szalai Klaudia', to_date('1994-03-03', 'YYYY-MM-DD'), 'Brandywine Drive 77', 'suggest', null, 2);
INSERT INTO SZEMELY VALUES ('IEJMPJR.SZE', 'Kende Szimonetta', to_date('1994-06-30', 'YYYY-MM-DD'), 'Orange Street 83', 'reflect', null, 2);
INSERT INTO SZEMELY VALUES ('WUOGJEA.SZE', 'Szekeres Anna', to_date('1994-09-19', 'YYYY-MM-DD'), 'Briarwood Drive 54', 'evening', null, 2);


INSERT INTO SZAK VALUES ('CGZNXBU.SZE','Programtervező informatikus');
INSERT INTO SZAK VALUES ('BUDOHUD.SZE','Programtervező informatikus');
INSERT INTO SZAK VALUES ('KOCSVGP.SZE','Programtervező informatikus');
INSERT INTO SZAK VALUES ('UYIHISP.SZE','Programtervező informatikus');
INSERT INTO SZAK VALUES ('CNRSDEJ.SZE','Programtervező informatikus');
INSERT INTO SZAK VALUES ('QUZUNBX.SZE','Programtervező informatikus');
INSERT INTO SZAK VALUES ('LZRBPNF.SZE','Programtervező informatikus');
INSERT INTO SZAK VALUES ('IVCVDYS.SZE','Programtervező informatikus');
INSERT INTO SZAK VALUES ('MQXVBMW.SZE','Programtervező informatikus');
INSERT INTO SZAK VALUES ('PYOLDCP.SZE','Programtervező informatikus');
INSERT INTO SZAK VALUES ('VTHSHOV.SZE','Programtervező informatikus');
INSERT INTO SZAK VALUES ('JJNRQHG.SZE','Programtervező informatikus');
INSERT INTO SZAK VALUES ('LIFLGUG.SZE','Programtervező informatikus');
INSERT INTO SZAK VALUES ('DLQMYXM.SZE','Programtervező informatikus');
INSERT INTO SZAK VALUES ('AESIBCI.SZE','Programtervező informatikus');
INSERT INTO SZAK VALUES ('IAECRZJ.SZE','Matematika');
INSERT INTO SZAK VALUES ('ZBXRRIS.SZE','Matematika');
INSERT INTO SZAK VALUES ('XUOLGNS.SZE','Matematika');
INSERT INTO SZAK VALUES ('KVXQKKP.SZE','Matematika');
INSERT INTO SZAK VALUES ('PZHZGWV.SZE','Matematika');
INSERT INTO SZAK VALUES ('FJKTWDH.SZE','Matematika');
INSERT INTO SZAK VALUES ('OMNAQME.SZE','Fizika');
INSERT INTO SZAK VALUES ('VZXNQXL.SZE','Fizika');
INSERT INTO SZAK VALUES ('BLFSHZR.SZE','Fizika');
INSERT INTO SZAK VALUES ('KEJQDGG.SZE','Fizika');
INSERT INTO SZAK VALUES ('BUDOHUD.SZE','Mérnökinformatikus');
INSERT INTO SZAK VALUES ('TLEGSOU.SZE','Mérnökinformatikus');
INSERT INTO SZAK VALUES ('ZDXFDNI.SZE','Mérnökinformatikus');
INSERT INTO SZAK VALUES ('JVPCQGN.SZE','Mérnökinformatikus');
INSERT INTO SZAK VALUES ('IEJMPJR.SZE','Mérnökinformatikus');
INSERT INTO SZAK VALUES ('WUOGJEA.SZE','Mérnökinformatikus');

INSERT INTO TEREM VALUES ('1','Hughes',20);
INSERT INTO TEREM VALUES ('2','Tate',30);
INSERT INTO TEREM VALUES ('3','Nelson',20);
INSERT INTO TEREM VALUES ('4','Day',20);
INSERT INTO TEREM VALUES ('5','Rios',100);
INSERT INTO TEREM VALUES ('6','Norton',200);
INSERT INTO TEREM VALUES ('7','Wilkerson',20);
INSERT INTO TEREM VALUES ('8','Rhodes',10);
INSERT INTO TEREM VALUES ('9','Campbell',10);
INSERT INTO TEREM VALUES ('10','Parker',10);

INSERT INTO KURZUS VALUES ('1', 'Adatbázisok', 'Hétfő','15:00','16:30',2,'5',NULL);
INSERT INTO KURZUS VALUES ('2', 'Adatbázisok gyakorlat', 'Hétfő','17:00','18:30',2,'1','1');
INSERT INTO KURZUS VALUES ('3', 'Adatbázisok gyakorlat', 'Hétfő','8:00','9:30',2,'1','1');

INSERT INTO VIZSGA VALUES ('1', 0, to_timestamp('2018-06-01 15:00:00', 'YYYY-MM-DD HH24:MI:SS'), '1');
INSERT INTO VIZSGA VALUES ('2', 0, to_timestamp('2018-06-02 15:00:00', 'YYYY-MM-DD HH24:MI:SS'), '1');

INSERT INTO TANITJA VALUES ('BUDOHUD.SZE', '1');
INSERT INTO TANITJA VALUES ('BUDOHUD.SZE', '2');
INSERT INTO TANITJA VALUES ('CGZNXBU.SZE', '3');

INSERT INTO HALLGATJA VALUES ('UYIHISP.SZE', '1', 3, to_date('2018-02-05','YYYY-MM-DD'));
INSERT INTO HALLGATJA VALUES ('CNRSDEJ.SZE', '1', 4, to_date('2018-02-05','YYYY-MM-DD'));
INSERT INTO HALLGATJA VALUES ('UYIHISP.SZE', '2', 5, to_date('2018-02-05','YYYY-MM-DD'));

INSERT INTO FORUM VALUES ('UYIHISP.SZE', '1', to_timestamp('2018-04-30 15:06:00', 'YYYY-MM-DD HH24:MI:SS'), 'Próba üzenet!');
INSERT INTO FORUM VALUES ('UYIHISP.SZE', '1', to_timestamp('2018-04-30 15:07:00', 'YYYY-MM-DD HH24:MI:SS'), 'Próba üzenet2!');

INSERT INTO VIZSGAZIK VALUES ('UYIHISP.SZE', '1', 1);
INSERT INTO VIZSGAZIK VALUES ('UYIHISP.SZE', '2', 2);

UPDATE SZEMELY SET jelszo = ora_hash(concat(jelszo1,'etr'));